SET NOCOUNT ON;

--------------------------------------------------
-- 1. EmployeeRole (10 rows)
--------------------------------------------------
INSERT INTO EmployeeRole (JobTitle, Role) VALUES
('Senior Driller', 'Driller'),
('Junior Driller', 'Driller'),
('Lead Driller', 'Driller'),
('Production Driller', 'Driller'),
('Senior Blaster', 'Blaster'),
('Assistant Blaster', 'Blaster'),
('Lead Blaster', 'Blaster'),
('Site Manager', 'Manager'),
('Operations Manager', 'Manager'),
('Quarry Manager', 'Manager');

--------------------------------------------------
-- 2. DrillType (10 rows)
--------------------------------------------------
INSERT INTO DrillType (ModelName, Manufacture)
VALUES
('CAT MD6310', 'Caterpillar'),
('CAT MD6420', 'Caterpillar'),
('Epiroc SmartROC D65', 'Epiroc'),
('Epiroc FlexiROC T45', 'Epiroc'),
('Sandvik Leopard DI650i', 'Sandvik'),
('Sandvik Ranger DX800', 'Sandvik'),
('Komatsu ZT44', 'Komatsu'),
('Atlas Copco Pit Viper 351', 'Atlas Copco'),
('Liebherr LB 44', 'Liebherr'),
('Furukawa HCR1500', 'Furukawa');

--------------------------------------------------
-- 3. Quarry (10 rows)
--------------------------------------------------
INSERT INTO Quarry (Name, Location, Company, RockType, AnnualProduction)
VALUES
('Blue Ridge Quarry', 'Roanoke, VA', 'Blue Ridge Mining', 'Granite', 500000),
('Appalachian Stone', 'Charleston, WV', 'Mountain Materials', 'Limestone', 350000),
('Granite Peak', 'Asheville, NC', 'Peak Aggregates', 'Granite', 420000),
('Iron Hill Quarry', 'Pittsburgh, PA', 'IronWorks Co.', 'Basalt', 600000),
('Red Rock Site', 'Flagstaff, AZ', 'Desert Stone Ltd.', 'Sandstone', 300000),
('Silver Valley Quarry', 'Reno, NV', 'Silver Mining Co.', 'Dolomite', 280000),
('Highland Quarry', 'Knoxville, TN', 'Highland Materials', 'Limestone', 390000),
('Black Mountain Site', 'Lexington, KY', 'Coal & Stone Inc.', 'Shale', 450000),
('Riverbend Quarry', 'Columbus, OH', 'River Aggregates', 'Gravel', 320000),
('Great Plains Quarry', 'Wichita, KS', 'Midwest Minerals', 'Limestone', 370000);

--------------------------------------------------
-- 4. Employee (20 rows)
--------------------------------------------------
INSERT INTO Employee (SSN, JobTitle, SupervisorSSN, FirstName, LastName, PhoneNo, Email, LicenseNo) VALUES
-- Managers (no supervisors)
(1001, 'Site Manager', NULL, 'John', 'Carter', '555-1001', 'john.carter@company.com', NULL),
(1002, 'Operations Manager', NULL, 'Lisa', 'Morgan', '555-1002', 'lisa.morgan@company.com', NULL),
(1003, 'Quarry Manager', NULL, 'David', 'Brown', '555-1003', 'david.brown@company.com', NULL),

-- Drillers (report to Site Manager 1001)
(1004, 'Senior Driller', 1001, 'Mike', 'Davis', '555-1004', 'mike.davis@company.com', 20001),
(1005, 'Junior Driller', 1001, 'Chris', 'Wilson', '555-1005', 'chris.wilson@company.com', 20002),
(1006, 'Lead Driller', 1001, 'Aaron', 'Taylor', '555-1006', 'aaron.taylor@company.com', 20003),
(1007, 'Production Driller', 1001, 'Ryan', 'Anderson', '555-1007', 'ryan.anderson@company.com', 20004),
(1008, 'Senior Driller', 1001, 'Kevin', 'Thomas', '555-1008', 'kevin.thomas@company.com', 20005),
(1009, 'Junior Driller', 1001, 'Brian', 'Jackson', '555-1009', 'brian.jackson@company.com', 20006),

-- Blasters (report to Operations Manager 1002)
(1010, 'Senior Blaster', 1002, 'Sarah', 'Lee', '555-1010', 'sarah.lee@company.com', 30001),
(1011, 'Assistant Blaster', 1002, 'Emily', 'Clark', '555-1011', 'emily.clark@company.com', 30002),
(1012, 'Lead Blaster', 1002, 'Olivia', 'Hall', '555-1012', 'olivia.hall@company.com', 30003),
(1013, 'Senior Blaster', 1002, 'Sophia', 'Allen', '555-1013', 'sophia.allen@company.com', 30004),
(1014, 'Assistant Blaster', 1002, 'Mia', 'Young', '555-1014', 'mia.young@company.com', 30005),

-- Mixed roles under Quarry Manager 1003
(1015, 'Production Driller', 1003, 'Ethan', 'King', '555-1015', 'ethan.king@company.com', 20007),
(1016, 'Lead Driller', 1003, 'Noah', 'Wright', '555-1016', 'noah.wright@company.com', 20008),
(1017, 'Senior Blaster', 1003, 'Liam', 'Scott', '555-1017', 'liam.scott@company.com', 30006),
(1018, 'Assistant Blaster', 1003, 'Lucas', 'Green', '555-1018', 'lucas.green@company.com', 30007),
(1019, 'Junior Driller', 1003, 'Mason', 'Baker', '555-1019', 'mason.baker@company.com', 20009),
(1020, 'Production Driller', 1003, 'Logan', 'Adams', '555-1020', 'logan.adams@company.com', 20010);

--------------------------------------------------
-- 5. Drill (20 rows)
--------------------------------------------------
INSERT INTO Drill (MachineID, ModelName, Age, TotalHours, Rebuilts) VALUES
(2001, 'CAT MD6310', 5, 8200, 1),
(2002, 'CAT MD6420', 4, 7600, 1),
(2003, 'Epiroc SmartROC D65', 3, 5400, 0),
(2004, 'Epiroc FlexiROC T45', 6, 9100, 2),
(2005, 'Sandvik Leopard DI650i', 5, 8800, 1),
(2006, 'Sandvik Ranger DX800', 2, 4200, 0),
(2007, 'Komatsu ZT44', 4, 6700, 1),
(2008, 'Atlas Copco Pit Viper 351', 7, 11000, 2),
(2009, 'Liebherr LB 44', 3, 5000, 0),
(2010, 'Furukawa HCR1500', 6, 9500, 2),
(2011, 'CAT MD6310', 8, 13000, 3),
(2012, 'CAT MD6420', 5, 8400, 1),
(2013, 'Epiroc SmartROC D65', 2, 3900, 0),
(2014, 'Epiroc FlexiROC T45', 4, 7200, 1),
(2015, 'Sandvik Leopard DI650i', 6, 9900, 2),
(2016, 'Sandvik Ranger DX800', 3, 5600, 0),
(2017, 'Komatsu ZT44', 5, 8100, 1),
(2018, 'Atlas Copco Pit Viper 351', 9, 15000, 3),
(2019, 'Liebherr LB 44', 4, 6100, 1),
(2020, 'Furukawa HCR1500', 7, 10200, 2);

--------------------------------------------------
-- 6. DrillLog (25 rows)
--------------------------------------------------
INSERT INTO DrillLog (ShotID, TimeBegan, TimeLastSaved, TimeSubmitted, DrillerSSN, QuarryName) VALUES
(3001, '2026-01-01 06:00', '2026-01-01 08:00', '2026-01-01 09:00', 1004, 'Blue Ridge Quarry'),
(3002, '2026-01-02 06:00', '2026-01-02 08:00', '2026-01-02 09:00', 1005, 'Appalachian Stone'),
(3003, '2026-01-03 06:00', '2026-01-03 08:00', '2026-01-03 09:00', 1006, 'Granite Peak'),
(3004, '2026-01-04 06:00', '2026-01-04 08:00', '2026-01-04 09:00', 1007, 'Iron Hill Quarry'),
(3005, '2026-01-05 06:00', '2026-01-05 08:00', '2026-01-05 09:00', 1008, 'Red Rock Site'),
(3006, '2026-01-06 06:00', '2026-01-06 08:00', '2026-01-06 09:00', 1009, 'Silver Valley Quarry'),
(3007, '2026-01-07 06:00', '2026-01-07 08:00', '2026-01-07 09:00', 1015, 'Highland Quarry'),
(3008, '2026-01-08 06:00', '2026-01-08 08:00', '2026-01-08 09:00', 1016, 'Black Mountain Site'),
(3009, '2026-01-09 06:00', '2026-01-09 08:00', '2026-01-09 09:00', 1019, 'Riverbend Quarry'),
(3010, '2026-01-10 06:00', '2026-01-10 08:00', '2026-01-10 09:00', 1020, 'Great Plains Quarry'),
(3011, '2026-01-11 06:00', '2026-01-11 08:00', '2026-01-11 09:00', 1004, 'Blue Ridge Quarry'),
(3012, '2026-01-12 06:00', '2026-01-12 08:00', '2026-01-12 09:00', 1005, 'Appalachian Stone'),
(3013, '2026-01-13 06:00', '2026-01-13 08:00', '2026-01-13 09:00', 1006, 'Granite Peak'),
(3014, '2026-01-14 06:00', '2026-01-14 08:00', '2026-01-14 09:00', 1007, 'Iron Hill Quarry'),
(3015, '2026-01-15 06:00', '2026-01-15 08:00', '2026-01-15 09:00', 1008, 'Red Rock Site'),
(3016, '2026-01-16 06:00', '2026-01-16 08:00', '2026-01-16 09:00', 1009, 'Silver Valley Quarry'),
(3017, '2026-01-17 06:00', '2026-01-17 08:00', '2026-01-17 09:00', 1015, 'Highland Quarry'),
(3018, '2026-01-18 06:00', '2026-01-18 08:00', '2026-01-18 09:00', 1016, 'Black Mountain Site'),
(3019, '2026-01-19 06:00', '2026-01-19 08:00', '2026-01-19 09:00', 1019, 'Riverbend Quarry'),
(3020, '2026-01-20 06:00', '2026-01-20 08:00', '2026-01-20 09:00', 1020, 'Great Plains Quarry'),
(3021, '2026-01-21 06:00', '2026-01-21 08:00', '2026-01-21 09:00', 1004, 'Blue Ridge Quarry'),
(3022, '2026-01-22 06:00', '2026-01-22 08:00', '2026-01-22 09:00', 1005, 'Appalachian Stone'),
(3023, '2026-01-23 06:00', '2026-01-23 08:00', '2026-01-23 09:00', 1006, 'Granite Peak'),
(3024, '2026-01-24 06:00', '2026-01-24 08:00', '2026-01-24 09:00', 1007, 'Iron Hill Quarry'),
(3025, '2026-01-25 06:00', '2026-01-25 08:00', '2026-01-25 09:00', 1008, 'Red Rock Site');

--------------------------------------------------
-- 7. DrillPattern (25 rows)
--------------------------------------------------
INSERT INTO DrillPattern (PatternId, ShotNo, HoleDiameter, Burden, Spacing, FaceHeight, SubDrill, ShotType, NoHoles, DesignDate, ShotDate, BlasterSSN, ShotID) VALUES
(4001, 1, 6.5, 10, 12, 30, 3, 'Production', 25, '2025-12-31', '2026-01-01', 1010, 3001),
(4002, 2, 6.0, 9, 11, 28, 2.5, 'Production', 22, '2026-01-01', '2026-01-02', 1011, 3002),
(4003, 3, 6.8, 10, 13, 32, 3, 'Production', 30, '2026-01-02', '2026-01-03', 1012, 3003),
(4004, 4, 5.5, 8, 10, 27, 2, 'Production', 20, '2026-01-03', '2026-01-04', 1013, 3004),
(4005, 5, 6.2, 9, 12, 29, 2.8, 'Production', 24, '2026-01-04', '2026-01-05', 1014, 3005),
(4006, 6, 6.5, 10, 12, 30, 3, 'Production', 25, '2026-01-05', '2026-01-06', 1017, 3006),
(4007, 7, 6.0, 9, 11, 28, 2.5, 'Production', 22, '2026-01-06', '2026-01-07', 1018, 3007),
(4008, 8, 6.8, 10, 13, 32, 3, 'Production', 30, '2026-01-07', '2026-01-08', 1010, 3008),
(4009, 9, 5.5, 8, 10, 27, 2, 'Production', 20, '2026-01-08', '2026-01-09', 1011, 3009),
(4010, 10, 6.2, 9, 12, 29, 2.8, 'Production', 24, '2026-01-09', '2026-01-10', 1012, 3010),
(4011, 11, 6.5, 10, 12, 30, 3, 'Production', 25, '2026-01-10', '2026-01-11', 1013, 3011),
(4012, 12, 6.0, 9, 11, 28, 2.5, 'Production', 22, '2026-01-11', '2026-01-12', 1014, 3012),
(4013, 13, 6.8, 10, 13, 32, 3, 'Production', 30, '2026-01-12', '2026-01-13', 1017, 3013),
(4014, 14, 5.5, 8, 10, 27, 2, 'Production', 20, '2026-01-13', '2026-01-14', 1018, 3014),
(4015, 15, 6.2, 9, 12, 29, 2.8, 'Production', 24, '2026-01-14', '2026-01-15', 1010, 3015),
(4016, 16, 6.5, 10, 12, 30, 3, 'Production', 25, '2026-01-15', '2026-01-16', 1011, 3016),
(4017, 17, 6.0, 9, 11, 28, 2.5, 'Production', 22, '2026-01-16', '2026-01-17', 1012, 3017),
(4018, 18, 6.8, 10, 13, 32, 3, 'Production', 30, '2026-01-17', '2026-01-18', 1013, 3018),
(4019, 19, 5.5, 8, 10, 27, 2, 'Production', 20, '2026-01-18', '2026-01-19', 1014, 3019),
(4020, 20, 6.2, 9, 12, 29, 2.8, 'Production', 24, '2026-01-19', '2026-01-20', 1017, 3020),
(4021, 21, 6.5, 10, 12, 30, 3, 'Production', 25, '2026-01-20', '2026-01-21', 1018, 3021),
(4022, 22, 6.0, 9, 11, 28, 2.5, 'Production', 22, '2026-01-21', '2026-01-22', 1010, 3022),
(4023, 23, 6.8, 10, 13, 32, 3, 'Production', 30, '2026-01-22', '2026-01-23', 1011, 3023),
(4024, 24, 5.5, 8, 10, 27, 2, 'Production', 20, '2026-01-23', '2026-01-24', 1012, 3024),
(4025, 25, 6.2, 9, 12, 29, 2.8, 'Production', 24, '2026-01-24', '2026-01-25', 1013, 3025);

--------------------------------------------------
-- 8. Drilling (25 rows)
--------------------------------------------------
INSERT INTO Drilling (DrillingInstanceNo, SSN, MachineID, Date, Duration) VALUES
(5001, 1004, 2001, '2026-01-01', 5.0),
(5002, 1005, 2002, '2026-01-02', 4.5),
(5003, 1006, 2003, '2026-01-03', 6.0),
(5004, 1007, 2004, '2026-01-04', 5.5),
(5005, 1008, 2005, '2026-01-05', 4.8),
(5006, 1009, 2006, '2026-01-06', 5.2),
(5007, 1015, 2007, '2026-01-07', 6.1),
(5008, 1016, 2008, '2026-01-08', 5.9),
(5009, 1019, 2009, '2026-01-09', 4.7),
(5010, 1020, 2010, '2026-01-10', 5.3),
(5011, 1004, 2011, '2026-01-11', 6.5),
(5012, 1005, 2012, '2026-01-12', 5.0),
(5013, 1006, 2013, '2026-01-13', 4.2),
(5014, 1007, 2014, '2026-01-14', 5.8),
(5015, 1008, 2015, '2026-01-15', 6.3),
(5016, 1009, 2016, '2026-01-16', 4.9),
(5017, 1015, 2017, '2026-01-17', 5.6),
(5018, 1016, 2018, '2026-01-18', 6.8),
(5019, 1019, 2019, '2026-01-19', 5.1),
(5020, 1020, 2020, '2026-01-20', 5.4),
(5021, 1004, 2001, '2026-01-21', 5.2),
(5022, 1005, 2002, '2026-01-22', 4.6),
(5023, 1006, 2003, '2026-01-23', 6.1),
(5024, 1007, 2004, '2026-01-24', 5.7),
(5025, 1008, 2005, '2026-01-25', 4.9);

--------------------------------------------------
-- 9. DrillHole (100 rows)
--------------------------------------------------
INSERT INTO DrillHole 
(HoleId, HoleNo, Easting, Northing, Elevation, Degrees, BrokenMaterial, CompetentRock, TotalDepth, WaterDepth, Notes, StartTime, EndTime, MachineID, ShotID)
VALUES

--------------------------------------------------
-- SHOT 3001 → 10 HOLES (Machine 2001)
--------------------------------------------------
(6001,1,1000,2000,500,0,20,10,30,NULL,'S1-H1','2026-01-01 06:00','2026-01-01 06:15',2001,3001),
(6002,2,1010,2000,500,0,21,9,30,NULL,'S1-H2','2026-01-01 06:16','2026-01-01 06:31',2001,3001),
(6003,3,1020,2000,500,0,19,11,30,NULL,'S1-H3','2026-01-01 06:32','2026-01-01 06:47',2001,3001),
(6004,4,1030,2000,500,0,22,8,30,NULL,'S1-H4','2026-01-01 06:48','2026-01-01 07:03',2001,3001),
(6005,5,1040,2000,500,0,20,10,30,NULL,'S1-H5','2026-01-01 07:04','2026-01-01 07:19',2001,3001),
(6006,6,1000,2010,500,0,21,9,30,NULL,'S1-H6','2026-01-01 07:20','2026-01-01 07:35',2001,3001),
(6007,7,1010,2010,500,0,19,11,30,NULL,'S1-H7','2026-01-01 07:36','2026-01-01 07:51',2001,3001),
(6008,8,1020,2010,500,0,22,8,30,NULL,'S1-H8','2026-01-01 07:52','2026-01-01 08:07',2001,3001),
(6009,9,1030,2010,500,0,20,10,30,NULL,'S1-H9','2026-01-01 08:08','2026-01-01 08:23',2001,3001),
(6010,10,1040,2010,500,0,21,9,30,NULL,'S1-H10','2026-01-01 08:24','2026-01-01 08:39',2001,3001),

--------------------------------------------------
-- SHOT 3002 → 20 HOLES (Machine 2002)
--------------------------------------------------
-- Grid expands to 5x4
(6011,1,1100,2100,505,0,20,10,30,NULL,'S2-H1','2026-01-02 06:00','2026-01-02 06:12',2002,3002),
(6012,2,1110,2100,505,0,21,9,30,NULL,'S2-H2','2026-01-02 06:13','2026-01-02 06:25',2002,3002),
(6013,3,1120,2100,505,0,19,11,30,NULL,'S2-H3','2026-01-02 06:26','2026-01-02 06:38',2002,3002),
(6014,4,1130,2100,505,0,22,8,30,NULL,'S2-H4','2026-01-02 06:39','2026-01-02 06:51',2002,3002),
(6015,5,1140,2100,505,0,20,10,30,NULL,'S2-H5','2026-01-02 06:52','2026-01-02 07:04',2002,3002),
(6016,6,1100,2110,505,0,21,9,30,NULL,'S2-H6','2026-01-02 07:05','2026-01-02 07:17',2002,3002),
(6017,7,1110,2110,505,0,19,11,30,NULL,'S2-H7','2026-01-02 07:18','2026-01-02 07:30',2002,3002),
(6018,8,1120,2110,505,0,22,8,30,NULL,'S2-H8','2026-01-02 07:31','2026-01-02 07:43',2002,3002),
(6019,9,1130,2110,505,0,20,10,30,NULL,'S2-H9','2026-01-02 07:44','2026-01-02 07:56',2002,3002),
(6020,10,1140,2110,505,0,21,9,30,NULL,'S2-H10','2026-01-02 07:57','2026-01-02 08:09',2002,3002),
(6021,11,1100,2120,505,0,20,10,30,NULL,'S2-H11','2026-01-02 08:10','2026-01-02 08:22',2002,3002),
(6022,12,1110,2120,505,0,21,9,30,NULL,'S2-H12','2026-01-02 08:23','2026-01-02 08:35',2002,3002),
(6023,13,1120,2120,505,0,19,11,30,NULL,'S2-H13','2026-01-02 08:36','2026-01-02 08:48',2002,3002),
(6024,14,1130,2120,505,0,22,8,30,NULL,'S2-H14','2026-01-02 08:49','2026-01-02 09:01',2002,3002),
(6025,15,1140,2120,505,0,20,10,30,NULL,'S2-H15','2026-01-02 09:02','2026-01-02 09:14',2002,3002),
(6026,16,1100,2130,505,0,21,9,30,NULL,'S2-H16','2026-01-02 09:15','2026-01-02 09:27',2002,3002),
(6027,17,1110,2130,505,0,19,11,30,NULL,'S2-H17','2026-01-02 09:28','2026-01-02 09:40',2002,3002),
(6028,18,1120,2130,505,0,22,8,30,NULL,'S2-H18','2026-01-02 09:41','2026-01-02 09:53',2002,3002),
(6029,19,1130,2130,505,0,20,10,30,NULL,'S2-H19','2026-01-02 09:54','2026-01-02 10:06',2002,3002),
(6030,20,1140,2130,505,0,21,9,30,NULL,'S2-H20','2026-01-02 10:07','2026-01-02 10:19',2002,3002),

--------------------------------------------------
-- SHOT 3005 → 20 HOLES (Machine 2005)
--------------------------------------------------
(6071, 1, 1400, 2400, 525, 0, 20, 10, 30, NULL, 'S5-H1', '2026-01-06 06:00', '2026-01-06 06:10', 2005, 3005),
(6072, 2, 1410, 2400, 525, 0, 21, 9, 30, NULL, 'S5-H2', '2026-01-06 06:12', '2026-01-06 06:22', 2005, 3005),
(6073, 3, 1420, 2400, 525, 0, 22, 8, 30, NULL, 'S5-H3', '2026-01-06 06:24', '2026-01-06 06:34', 2005, 3005),
(6074, 4, 1430, 2400, 525, 0, 20, 10, 30, NULL, 'S5-H4', '2026-01-06 06:36', '2026-01-06 06:46', 2005, 3005),
(6075, 5, 1440, 2400, 525, 0, 21, 9, 30, NULL, 'S5-H5', '2026-01-06 06:48', '2026-01-06 06:58', 2005, 3005),
(6076, 6, 1400, 2410, 525, 0, 22, 8, 30, NULL, 'S5-H6', '2026-01-06 07:00', '2026-01-06 07:10', 2005, 3005),
(6077, 7, 1410, 2410, 525, 0, 20, 10, 30, NULL, 'S5-H7', '2026-01-06 07:12', '2026-01-06 07:22', 2005, 3005),
(6078, 8, 1420, 2410, 525, 0, 21, 9, 30, NULL, 'S5-H8', '2026-01-06 07:24', '2026-01-06 07:34', 2005, 3005),
(6079, 9, 1430, 2410, 525, 0, 22, 8, 30, NULL, 'S5-H9', '2026-01-06 07:36', '2026-01-06 07:46', 2005, 3005),
(6080, 10, 1440, 2410, 525, 0, 20, 10, 30, NULL, 'S5-H10', '2026-01-06 07:48', '2026-01-06 07:58', 2005, 3005),
(6081, 11, 1400, 2420, 525, 0, 21, 9, 30, NULL, 'S5-H11', '2026-01-06 08:00', '2026-01-06 08:10', 2005, 3005),
(6082, 12, 1410, 2420, 525, 0, 22, 8, 30, NULL, 'S5-H12', '2026-01-06 08:12', '2026-01-06 08:22', 2005, 3005),
(6083, 13, 1420, 2420, 525, 0, 20, 10, 30, NULL, 'S5-H13', '2026-01-06 08:24', '2026-01-06 08:34', 2005, 3005),
(6084, 14, 1430, 2420, 525, 0, 21, 9, 30, NULL, 'S5-H14', '2026-01-06 08:36', '2026-01-06 08:46', 2005, 3005),
(6085, 15, 1440, 2420, 525, 0, 22, 8, 30, NULL, 'S5-H15', '2026-01-06 08:48', '2026-01-06 08:58', 2005, 3005),
(6086, 16, 1400, 2430, 525, 0, 20, 10, 30, NULL, 'S5-H16', '2026-01-06 09:00', '2026-01-06 09:10', 2005, 3005),
(6087, 17, 1410, 2430, 525, 0, 21, 9, 30, NULL, 'S5-H17', '2026-01-06 09:12', '2026-01-06 09:22', 2005, 3005),
(6088, 18, 1420, 2430, 525, 0, 22, 8, 30, NULL, 'S5-H18', '2026-01-06 09:24', '2026-01-06 09:34', 2005, 3005),
(6089, 19, 1430, 2430, 525, 0, 20, 10, 30, NULL, 'S5-H19', '2026-01-06 09:36', '2026-01-06 09:46', 2005, 3005),
(6090, 20, 1440, 2430, 525, 0, 21, 9, 30, NULL, 'S5-H20', '2026-01-06 09:48', '2026-01-06 09:58', 2005, 3005);
